id;name;jhi_file;jhi_file_content_type;arguments_script
1;haptic parsing;7465616c20616e616c797a696e672079656c6c6f77;image/png;Books Generic
2;robust withdrawal generate;536f6c6f6d6f6e2049736c616e647320446f6c6c6172;image/png;Personal Loan Account HTTP
3;schemas Specialist China;696e7465726661636520436f74746f6e20526f62757374;image/png;user-centric Infrastructure
4;Managed Dobra application;4c6965636874656e737465696e204275636b696e6768616d7368697265206d6f6e6574697a65;image/png;Direct
5;Small Frozen Salad bypassing;426f726465727320426f72646572732050726163746963616c;image/png;methodical
6;Pakistan;6e657572616c20576f6f64656e204f7074696d697a6174696f6e;image/png;Tasty Rubber Car mindshare EXE
7;bandwidth Liaison;696e666f6d6564696172696573;image/png;Fantastic Fresh Salad
8;Steel Avon Visionary;557365722d63656e74726963205072696e636970616c2050656e6e73796c76616e6961;image/png;repurpose Sleek
9;mesh system Triple-buffered;416476616e6365642067726f77;image/png;Handmade Wooden Cheese Fresh
10;input Naira;476c656e20526566696e6564;image/png;Mandatory Assistant
